-- =============================================================
-- SAUVEGARDE BASE DE DONNÉES - 2026-06-09
-- Application: Melkior / Bal'tazar - Sécurité & Gestion
-- =============================================================
-- RESTAURATION: appliquer d'abord supabase/migrations/ puis ce fichier
-- =============================================================

SET session_replication_role = replica;

-- TABLE: etablissements (2 lignes)
INSERT INTO public.etablissements (id, nom, adresse, telephone, logo_url, created_at) VALUES ('d870f00c-6b7f-4324-accb-d38e7ba53b5c','SARL GARI','20 avenue Garibaldi 21000 Dijon','0662552524','https://wliobldgrzjjchfknqju.supabase.co/storage/v1/object/public/logos/logo-1777473429368.png','2026-06-09 11:09:06.348134+00');
INSERT INTO public.etablissements (id, nom, adresse, telephone, logo_url, created_at) VALUES ('202ff6f9-412d-4ed6-98bc-800f8659fe98','Chez Greggy','114 Ruelle André Vitu','0611742192',NULL,'2026-06-09 11:25:49.677224+00');

-- TABLE: super_admins (6 lignes)
INSERT INTO public.super_admins (id, email, is_mega_admin, etablissement_id, created_at) VALUES ('0bc3fb4b-03c8-4f9a-b744-96b6dc219a23','admin@admin.fr',false,'d870f00c-6b7f-4324-accb-d38e7ba53b5c','2026-04-29 09:27:09.632926+00');
INSERT INTO public.super_admins (id, email, is_mega_admin, etablissement_id, created_at) VALUES ('295e8360-717f-45d7-a1d8-34c23c7373f9','greggybiz@gmail.com',false,'d870f00c-6b7f-4324-accb-d38e7ba53b5c','2026-05-07 13:01:48.244171+00');
INSERT INTO public.super_admins (id, email, is_mega_admin, etablissement_id, created_at) VALUES ('d990d777-8d45-47d0-9e3f-9681870f7ee4','christophelemesnil@gmail.com',true,'d870f00c-6b7f-4324-accb-d38e7ba53b5c','2026-05-22 16:53:24.293984+00');
INSERT INTO public.super_admins (id, email, is_mega_admin, etablissement_id, created_at) VALUES ('75f2bba1-9e20-4cb4-9071-26295042db55','vanessalemesnil@gmail.com',false,'d870f00c-6b7f-4324-accb-d38e7ba53b5c','2026-05-24 17:10:15.629541+00');
INSERT INTO public.super_admins (id, email, is_mega_admin, etablissement_id, created_at) VALUES ('0952651f-8da8-4144-93e1-4e41ef34acec','j.lemesnil@gmail.com',false,'d870f00c-6b7f-4324-accb-d38e7ba53b5c','2026-05-24 17:11:06.686817+00');
INSERT INTO public.super_admins (id, email, is_mega_admin, etablissement_id, created_at) VALUES ('75ee4e88-c280-4d07-98cf-7a44588ae1cf','contact2@greggy.biz',false,'202ff6f9-412d-4ed6-98bc-800f8659fe98','2026-06-09 11:26:22.255585+00');

-- TABLE: managed_users (9 lignes)
INSERT INTO public.managed_users (id, email, fonction, status, created_at, auth_user_id, is_super_admin, is_provisoire, provisoire_expires_at, profile_completed, invited_by, invited_at, etablissement_id) VALUES ('e95927ba-ced3-4d30-88e8-9cbbd62e2380','admin@admin.fr','Direction','active','2026-04-30 08:59:46.742358+00','0bc3fb4b-03c8-4f9a-b744-96b6dc219a23',true,false,NULL,true,NULL,NULL,'d870f00c-6b7f-4324-accb-d38e7ba53b5c');
INSERT INTO public.managed_users (id, email, fonction, status, created_at, auth_user_id, is_super_admin, is_provisoire, provisoire_expires_at, profile_completed, invited_by, invited_at, etablissement_id) VALUES ('7ae417f4-e824-4374-ae0c-5d00eeaa8b81','greggybiz@gmail.com','Direction','active','2026-05-07 13:01:48.244171+00','1775ea80-0e9f-4e1a-aadb-0090dfb74647',false,false,NULL,true,NULL,NULL,'d870f00c-6b7f-4324-accb-d38e7ba53b5c');
INSERT INTO public.managed_users (id, email, fonction, status, created_at, auth_user_id, is_super_admin, is_provisoire, provisoire_expires_at, profile_completed, invited_by, invited_at, etablissement_id) VALUES ('bdf2f124-7414-455b-abed-d586521d6b20','christophelechatnoir@gmail.com','Chef de poste','active','2026-05-16 00:07:23.219323+00','e272ac79-514c-4581-bc4f-5c214a270019',false,true,'2026-05-18 00:07:23.162+00',false,'0bc3fb4b-03c8-4f9a-b744-96b6dc219a23','2026-05-16 00:07:23.162+00','d870f00c-6b7f-4324-accb-d38e7ba53b5c');
INSERT INTO public.managed_users (id, email, fonction, status, created_at, auth_user_id, is_super_admin, is_provisoire, provisoire_expires_at, profile_completed, invited_by, invited_at, etablissement_id) VALUES ('0377e490-1e63-4187-a3e8-9823bf7673a7','securite@sec.fr','Agent de Sécurité','active','2026-05-16 00:09:54.244454+00',NULL,false,true,'2026-05-18 00:09:54.192+00',true,'0bc3fb4b-03c8-4f9a-b744-96b6dc219a23','2026-05-16 00:09:54.192+00','d870f00c-6b7f-4324-accb-d38e7ba53b5c');
INSERT INTO public.managed_users (id, email, fonction, status, created_at, auth_user_id, is_super_admin, is_provisoire, provisoire_expires_at, profile_completed, invited_by, invited_at, etablissement_id) VALUES ('00014e20-e82b-4ad9-b82c-c6ace2e08b71','christophelemesnil@gmail.com','Direction','active','2026-05-22 16:53:24.293984+00','bea18a9a-e5ac-44a1-88cd-2ac698f2344e',false,false,NULL,true,NULL,NULL,'d870f00c-6b7f-4324-accb-d38e7ba53b5c');
INSERT INTO public.managed_users (id, email, fonction, status, created_at, auth_user_id, is_super_admin, is_provisoire, provisoire_expires_at, profile_completed, invited_by, invited_at, etablissement_id) VALUES ('e8acd52a-ff5c-4509-8426-f1f1fda1e5fc','vanessalemesnil@gmail.com','Direction','active','2026-05-24 17:10:15.629541+00','2b23416a-a22f-4c94-9214-9a77d93ab3a3',false,false,'2026-05-26 17:10:15.566+00',true,'bea18a9a-e5ac-44a1-88cd-2ac698f2344e','2026-05-24 17:10:15.567+00','d870f00c-6b7f-4324-accb-d38e7ba53b5c');
INSERT INTO public.managed_users (id, email, fonction, status, created_at, auth_user_id, is_super_admin, is_provisoire, provisoire_expires_at, profile_completed, invited_by, invited_at, etablissement_id) VALUES ('bd55d92d-a0fe-4714-8e16-06ef7da0bf62','j.lemesnil@gmail.com','Direction','active','2026-05-24 17:11:06.686817+00','60a65043-a35b-445a-904a-de5ab6e6fd0b',false,false,'2026-05-26 17:11:06.647+00',true,'bea18a9a-e5ac-44a1-88cd-2ac698f2344e','2026-05-24 17:11:06.647+00','d870f00c-6b7f-4324-accb-d38e7ba53b5c');
INSERT INTO public.managed_users (id, email, fonction, status, created_at, auth_user_id, is_super_admin, is_provisoire, provisoire_expires_at, profile_completed, invited_by, invited_at, etablissement_id) VALUES ('1f362456-0491-4b97-b7f2-3343902018cd','contact2@greggy.biz','Direction','active','2026-06-09 11:26:22.255585+00','1d3ea03e-0564-4d0c-ac5b-20ca4bf7b92c',false,false,NULL,true,NULL,NULL,'202ff6f9-412d-4ed6-98bc-800f8659fe98');
INSERT INTO public.managed_users (id, email, fonction, status, created_at, auth_user_id, is_super_admin, is_provisoire, provisoire_expires_at, profile_completed, invited_by, invited_at, etablissement_id) VALUES ('50944a4c-19b1-4504-9c78-59327260d21b','contact3@greggy.biz','Agent de Sécurité','active','2026-06-09 11:46:26.365956+00','063353b1-8dfb-42cf-b748-280487d64b97',false,false,NULL,true,NULL,NULL,'202ff6f9-412d-4ed6-98bc-800f8659fe98');

-- TABLE: entreprise (2 lignes)
INSERT INTO public.entreprise (id, nom, adresse, telephone, logo_url, updated_at, type_erp, categorie_erp, effectif_public, effectif_personnel, activite_principale, activites_complementaires, licence_boissons, questionnaire_reponses, derniere_visite_commission, siret, code_ape, horaires_ouverture, activites_reelles, mode_jauge, enseigne, email, etablissement_id) VALUES ('6982d858-608b-422f-932c-67af27b53ea2','Chez Greggy','114 Ruelle André Vitu','0611742192',NULL,'2026-06-09 11:54:08.405+00','P',1,1800,0,'P','[]','','{}',NULL,'','','{}','[]','sortie',NULL,NULL,'202ff6f9-412d-4ed6-98bc-800f8659fe98');
INSERT INTO public.entreprise (id, nom, adresse, telephone, logo_url, updated_at, type_erp, categorie_erp, effectif_public, effectif_personnel, activite_principale, activites_complementaires, licence_boissons, questionnaire_reponses, derniere_visite_commission, siret, code_ape, horaires_ouverture, activites_reelles, mode_jauge, enseigne, email, etablissement_id) VALUES ('f7ccbc36-379b-4d4f-981d-ce80c5cd50bd','SARL GARI','20 avenue Garibaldi 21000 Dijon','0662552524','https://wliobldgrzjjchfknqju.supabase.co/storage/v1/object/public/logos/logo-1777473429368.png','2026-05-23 17:59:56.156+00','P',2,866,20,'P','["N"]','IV','{"n_musique":true,"n_terrasse":false,"p_mezzanine":false,"p_nb_soirees":true,"n_alcool_fort":true,"n_repas_table":false,"p_piste_danse":true,"p_limiteur_son":true,"p_effets_speciaux":true,"p_sous_sol_public":true,"p_musique_amplifiee":true}','2026-06-06','45365763700014','5630Z','{"jeudi":{"ouvert":true,"fermeture":"05:00","ouverture":"23:00"},"lundi":{"ouvert":false,"fermeture":"","ouverture":""},"mardi":{"ouvert":false,"fermeture":"","ouverture":""},"samedi":{"ouvert":true,"fermeture":"05:00","ouverture":"23:00"},"dimanche":{"ouvert":false,"fermeture":"","ouverture":""},"mercredi":{"ouvert":false,"fermeture":"","ouverture":""},"vendredi":{"ouvert":true,"fermeture":"05:00","ouverture":"23:00"}}','["Discothèque","Bar à cocktails"]','sortie','Le Melkior-Bal''tazar','christophelemesnil@gmail.com','d870f00c-6b7f-4324-accb-d38e7ba53b5c');

-- TABLE: espaces (4 lignes)
INSERT INTO public.espaces (id, nom, description, couleur, created_at, updated_at, etablissement_id) VALUES ('bcf7632b-9b17-4ca2-8f39-be920751ab6c','Melkior','RDC','#3b82f6','2026-05-01 21:41:15.687117+00','2026-05-01 22:53:20.779+00','d870f00c-6b7f-4324-accb-d38e7ba53b5c');
INSERT INTO public.espaces (id, nom, description, couleur, created_at, updated_at, etablissement_id) VALUES ('c6f64df8-4920-42d5-b343-bfcf94192960','Bal''tazar','S-SOL','#3b82f6','2026-05-01 22:51:56.707139+00','2026-05-02 01:50:55.596+00','d870f00c-6b7f-4324-accb-d38e7ba53b5c');
INSERT INTO public.espaces (id, nom, description, couleur, created_at, updated_at, etablissement_id) VALUES ('154fe2ef-26f6-4d39-a97b-6624d1761021','RDC','Le bas','#3b82f6','2026-06-09 11:46:45.575504+00','2026-06-09 11:46:45.575504+00','202ff6f9-412d-4ed6-98bc-800f8659fe98');
INSERT INTO public.espaces (id, nom, description, couleur, created_at, updated_at, etablissement_id) VALUES ('35fd72d9-d031-4e8b-8214-29326772b378','cuisine','','#3b82f6','2026-06-09 11:57:37.585437+00','2026-06-09 11:57:37.585437+00','202ff6f9-412d-4ed6-98bc-800f8659fe98');

-- TABLE: zones (16 lignes)
INSERT INTO public.zones (id, espace_id, nom, description, capacite, created_at, updated_at, categorie, etablissement_id) VALUES ('9d99d99e-817f-4c03-ad47-ce83ff6eba35','bcf7632b-9b17-4ca2-8f39-be920751ab6c','WC','',NULL,'2026-05-01 21:41:40.76632+00','2026-05-07 11:10:23.621+00','securite_personnes','d870f00c-6b7f-4324-accb-d38e7ba53b5c');
INSERT INTO public.zones (id, espace_id, nom, description, capacite, created_at, updated_at, categorie, etablissement_id) VALUES ('6b502e94-6a85-4608-bfd2-725fd76b628a','bcf7632b-9b17-4ca2-8f39-be920751ab6c','Entrée','',NULL,'2026-05-01 21:41:50.345022+00','2026-05-07 11:10:13.246+00','securite_personnes','d870f00c-6b7f-4324-accb-d38e7ba53b5c');
INSERT INTO public.zones (id, espace_id, nom, description, capacite, created_at, updated_at, categorie, etablissement_id) VALUES ('e69b5871-0f86-4725-b367-4fc322b4c8da','bcf7632b-9b17-4ca2-8f39-be920751ab6c','Piste','',NULL,'2026-05-01 21:42:46.645331+00','2026-05-07 11:10:32.955+00','securite_personnes','d870f00c-6b7f-4324-accb-d38e7ba53b5c');
INSERT INTO public.zones (id, espace_id, nom, description, capacite, created_at, updated_at, categorie, etablissement_id) VALUES ('f2de3288-4cc4-4b57-b193-ac9fb5f18232','bcf7632b-9b17-4ca2-8f39-be920751ab6c','VIP','',NULL,'2026-05-01 22:44:31.185031+00','2026-05-01 22:44:31.185031+00','securite_personnes','d870f00c-6b7f-4324-accb-d38e7ba53b5c');
INSERT INTO public.zones (id, espace_id, nom, description, capacite, created_at, updated_at, categorie, etablissement_id) VALUES ('4a11ec72-3ed6-4f59-ada0-6ad6e99b6ecd','bcf7632b-9b17-4ca2-8f39-be920751ab6c','Bar','',NULL,'2026-05-01 22:44:46.833316+00','2026-05-07 11:10:45.138+00','securite_personnes','d870f00c-6b7f-4324-accb-d38e7ba53b5c');
INSERT INTO public.zones (id, espace_id, nom, description, capacite, created_at, updated_at, categorie, etablissement_id) VALUES ('be04dd4c-0dcb-4eb8-9eaf-c4eff8aaf850','bcf7632b-9b17-4ca2-8f39-be920751ab6c','Office','Réserve produits',NULL,'2026-05-04 13:06:13.763988+00','2026-05-04 13:06:13.763988+00','securite_personnes','d870f00c-6b7f-4324-accb-d38e7ba53b5c');
INSERT INTO public.zones (id, espace_id, nom, description, capacite, created_at, updated_at, categorie, etablissement_id) VALUES ('5751bcda-0313-4333-9e13-d83557d528bb','bcf7632b-9b17-4ca2-8f39-be920751ab6c','Vestiaire','',NULL,'2026-05-07 11:07:01.849337+00','2026-05-07 11:07:01.849337+00','securite_personnes','d870f00c-6b7f-4324-accb-d38e7ba53b5c');
INSERT INTO public.zones (id, espace_id, nom, description, capacite, created_at, updated_at, categorie, etablissement_id) VALUES ('430155a2-0aea-4a62-a598-2a4ee7f0629c','bcf7632b-9b17-4ca2-8f39-be920751ab6c','Fumoir','',NULL,'2026-05-07 11:07:19.712251+00','2026-05-07 11:07:19.712251+00','securite_personnes','d870f00c-6b7f-4324-accb-d38e7ba53b5c');
INSERT INTO public.zones (id, espace_id, nom, description, capacite, created_at, updated_at, categorie, etablissement_id) VALUES ('ef57174b-cefb-4c92-bb10-35c4ea4daa0c','c6f64df8-4920-42d5-b343-bfcf94192960','Piste','',NULL,'2026-05-07 11:08:04.430796+00','2026-05-07 11:08:04.430796+00','securite_personnes','d870f00c-6b7f-4324-accb-d38e7ba53b5c');
INSERT INTO public.zones (id, espace_id, nom, description, capacite, created_at, updated_at, categorie, etablissement_id) VALUES ('d97931c5-ae81-477e-934c-89f8130aad25','c6f64df8-4920-42d5-b343-bfcf94192960','Bar','',NULL,'2026-05-07 11:08:58.85158+00','2026-05-07 11:08:58.85158+00','securite_personnes','d870f00c-6b7f-4324-accb-d38e7ba53b5c');
INSERT INTO public.zones (id, espace_id, nom, description, capacite, created_at, updated_at, categorie, etablissement_id) VALUES ('2bcd0e89-d7a3-4c73-8159-b92ebfe8c3c4','c6f64df8-4920-42d5-b343-bfcf94192960','Vip','',NULL,'2026-05-07 11:09:10.46347+00','2026-05-07 11:09:10.46347+00','securite_personnes','d870f00c-6b7f-4324-accb-d38e7ba53b5c');
INSERT INTO public.zones (id, espace_id, nom, description, capacite, created_at, updated_at, categorie, etablissement_id) VALUES ('7ac2d92d-6caa-4f10-b331-ff9b26c40a6c','c6f64df8-4920-42d5-b343-bfcf94192960','WC','',NULL,'2026-05-07 11:09:44.710715+00','2026-05-07 11:09:44.710715+00','securite_personnes','d870f00c-6b7f-4324-accb-d38e7ba53b5c');
INSERT INTO public.zones (id, espace_id, nom, description, capacite, created_at, updated_at, categorie, etablissement_id) VALUES ('9b5bf158-7305-41a6-a120-ea273d0f66c9','c6f64df8-4920-42d5-b343-bfcf94192960','Cave zone','',NULL,'2026-05-07 11:11:29.786446+00','2026-05-07 11:12:17.762+00','securite_personnes','d870f00c-6b7f-4324-accb-d38e7ba53b5c');
INSERT INTO public.zones (id, espace_id, nom, description, capacite, created_at, updated_at, categorie, etablissement_id) VALUES ('a4ebffa8-8eb4-43c5-8089-74204290e6a8','c6f64df8-4920-42d5-b343-bfcf94192960','Office zone','',NULL,'2026-05-07 11:12:19.433265+00','2026-05-07 11:12:19.433265+00','securite_personnes','d870f00c-6b7f-4324-accb-d38e7ba53b5c');
INSERT INTO public.zones (id, espace_id, nom, description, capacite, created_at, updated_at, categorie, etablissement_id) VALUES ('db2ea621-167a-47e6-a34a-049e71075ea6','154fe2ef-26f6-4d39-a97b-6624d1761021','Cuisine','',17,'2026-06-09 11:46:57.489743+00','2026-06-09 11:46:57.489743+00','securite_personnes','202ff6f9-412d-4ed6-98bc-800f8659fe98');
INSERT INTO public.zones (id, espace_id, nom, description, capacite, created_at, updated_at, categorie, etablissement_id) VALUES ('10f6135a-9132-4984-ad00-90306dd8d271','35fd72d9-d031-4e8b-8214-29326772b378','table','',200,'2026-06-09 11:57:48.660206+00','2026-06-09 11:57:48.660206+00','securite_personnes','202ff6f9-412d-4ed6-98bc-800f8659fe98');

-- TABLE: registre_securite (40 lignes - voir données complètes ci-dessous)
-- SARL GARI registre (30 fiches)
INSERT INTO public.registre_securite (id, installation, reference_reglementaire, organisme_verificateur, periodicite, applicable, date_verification, nom_verificateur, observations, etablissement_id) VALUES ('0a97979a-95dd-49bf-aaed-92322cb9f456','Commision Sécurité','GE 4 / R 123-43','Service intercommunal sdis 21','Triennale',true,'2025-04-17','SDIS 221','avis favorable','d870f00c-6b7f-4324-accb-d38e7ba53b5c');
INSERT INTO public.registre_securite (id, installation, reference_reglementaire, organisme_verificateur, periodicite, applicable, date_verification, nom_verificateur, observations, etablissement_id) VALUES ('583da95e-00b2-478a-8c48-04fec4817bf6','Installations électriques','EL 19','Personne ou organisme agréé','Annuelle',true,'2026-02-06','Apave','','d870f00c-6b7f-4324-accb-d38e7ba53b5c');
INSERT INTO public.registre_securite (id, installation, reference_reglementaire, organisme_verificateur, periodicite, applicable, date_verification, nom_verificateur, observations, etablissement_id) VALUES ('dd9b270a-203f-4850-995c-e8bcc4e2c348','Éclairage de sécurité','EC 14','Technicien compétent','Annuelle',true,'2026-02-06','APAVE','ras','d870f00c-6b7f-4324-accb-d38e7ba53b5c');
INSERT INTO public.registre_securite (id, installation, reference_reglementaire, organisme_verificateur, periodicite, applicable, date_verification, nom_verificateur, observations, etablissement_id) VALUES ('e9a9bb8a-ecca-4e52-838e-6ac5dde49d3b','Installations de système de sécurité incendie et équipement','MS 73','Technicien compétent','Annuelle',true,'2026-09-20','IS2 globalsolutions','ras ','d870f00c-6b7f-4324-accb-d38e7ba53b5c');
INSERT INTO public.registre_securite (id, installation, reference_reglementaire, organisme_verificateur, periodicite, applicable, date_verification, nom_verificateur, observations, etablissement_id) VALUES ('7de18d76-db77-432c-9d2e-340e176e5968','Exercices d''évacuation','MS 46 / MS 48','Technicien compétant','Semestrielle',true,'2026-06-05','Cmoi','Ensemble du personnel présent. rappel des consignes','d870f00c-6b7f-4324-accb-d38e7ba53b5c');
INSERT INTO public.registre_securite (id, installation, reference_reglementaire, organisme_verificateur, periodicite, applicable, date_verification, nom_verificateur, observations, etablissement_id) VALUES ('cd0d4b7f-de98-4006-97f1-b0bd5b8f87f5','Extincteurs et robinets d''incendie armés','MS 73','Technicien compétent','Annuelle',true,'2026-06-08','SICLI','recharge un exteincteur co2 verification et maintenance 8 extincteurs','d870f00c-6b7f-4324-accb-d38e7ba53b5c');
INSERT INTO public.registre_securite (id, installation, reference_reglementaire, organisme_verificateur, periodicite, applicable, date_verification, nom_verificateur, observations, etablissement_id) VALUES ('c535f3d9-a859-49fb-a7f0-91b9c02309b0','Dépoussiérage des cintres, grils, fosses techniques','L 57 §3','cyclon Air','Annuelle',true,'2026-06-08','Marcel  Bonnard','nett aspi et soufflage me/bal','d870f00c-6b7f-4324-accb-d38e7ba53b5c');
INSERT INTO public.registre_securite (id, installation, reference_reglementaire, organisme_verificateur, periodicite, applicable, date_verification, nom_verificateur, observations, etablissement_id) VALUES ('bbc006fd-a667-4661-86ef-afad02e0ddf7','rideau','fr32','CycloneAir','Annuelle',true,'2026-06-08','thierry mok','c etait salle','d870f00c-6b7f-4324-accb-d38e7ba53b5c');
INSERT INTO public.registre_securite (id, installation, reference_reglementaire, organisme_verificateur, periodicite, applicable, date_verification, nom_verificateur, observations, etablissement_id) VALUES ('71666435-36ff-4ef8-9793-3c44aefd1596','Accroche','ty21','trapeziste','Annuelle',true,'2026-06-08','Jean File','Je tombe prevoir la descente droit a changer','d870f00c-6b7f-4324-accb-d38e7ba53b5c');
INSERT INTO public.registre_securite (id, installation, reference_reglementaire, organisme_verificateur, periodicite, applicable, date_verification, nom_verificateur, observations, etablissement_id) VALUES ('e1a59175-ad66-4bf8-9480-80f4a0c0580e','RVRAT 2018','R 123-45 / GE 4','Veritas','Sans',true,'2018-09-18','Veritas','','d870f00c-6b7f-4324-accb-d38e7ba53b5c');
-- Chez Greggy registre (10 fiches)
INSERT INTO public.registre_securite (id, installation, reference_reglementaire, organisme_verificateur, periodicite, applicable, date_verification, nom_verificateur, observations, etablissement_id) VALUES ('924f7493-de05-4474-90fa-5cb0b28b5308','Ascenseurs et monte-charges','Art. AS','','Semestrielle',true,NULL,'','','202ff6f9-412d-4ed6-98bc-800f8659fe98');
INSERT INTO public.registre_securite (id, installation, reference_reglementaire, organisme_verificateur, periodicite, applicable, date_verification, nom_verificateur, observations, etablissement_id) VALUES ('c40ef88d-e3b5-4c3f-8741-2656216356d3','Chauffage et ventilation','Art. CH','','Annuelle',true,NULL,'','','202ff6f9-412d-4ed6-98bc-800f8659fe98');
INSERT INTO public.registre_securite (id, installation, reference_reglementaire, organisme_verificateur, periodicite, applicable, date_verification, nom_verificateur, observations, etablissement_id) VALUES ('bbbabe5d-26f1-4722-9ec5-03047b1f2b51','Desenfumage','Art. DF','','Annuelle',true,NULL,'','','202ff6f9-412d-4ed6-98bc-800f8659fe98');
INSERT INTO public.registre_securite (id, installation, reference_reglementaire, organisme_verificateur, periodicite, applicable, date_verification, nom_verificateur, observations, etablissement_id) VALUES ('c656367d-fcad-4e93-8b76-297a4dbc364e','Eclairage de securite','Art. EC','','Annuelle',true,NULL,'','','202ff6f9-412d-4ed6-98bc-800f8659fe98');
INSERT INTO public.registre_securite (id, installation, reference_reglementaire, organisme_verificateur, periodicite, applicable, date_verification, nom_verificateur, observations, etablissement_id) VALUES ('d16f6b78-364b-4ebc-93d0-60ff5782c160','Installations de cuisson','Art. GC','','Annuelle',true,NULL,'','','202ff6f9-412d-4ed6-98bc-800f8659fe98');
INSERT INTO public.registre_securite (id, installation, reference_reglementaire, organisme_verificateur, periodicite, applicable, date_verification, nom_verificateur, observations, etablissement_id) VALUES ('8b9fe966-c7f9-4c28-897e-30de17ccc24a','Installations de gaz','Art. GZ','','Annuelle',true,NULL,'','','202ff6f9-412d-4ed6-98bc-800f8659fe98');
INSERT INTO public.registre_securite (id, installation, reference_reglementaire, organisme_verificateur, periodicite, applicable, date_verification, nom_verificateur, observations, etablissement_id) VALUES ('f8db3af8-f4c1-4499-9abf-1064a3ad3456','Installations electriques','Art. EL','','Annuelle',true,NULL,'','','202ff6f9-412d-4ed6-98bc-800f8659fe98');
INSERT INTO public.registre_securite (id, installation, reference_reglementaire, organisme_verificateur, periodicite, applicable, date_verification, nom_verificateur, observations, etablissement_id) VALUES ('78695b7f-f3b3-44f2-b3fc-2598ee651a6d','Moyens de secours (extincteurs, RIA)','Art. MS','','Annuelle',true,NULL,'','','202ff6f9-412d-4ed6-98bc-800f8659fe98');
INSERT INTO public.registre_securite (id, installation, reference_reglementaire, organisme_verificateur, periodicite, applicable, date_verification, nom_verificateur, observations, etablissement_id) VALUES ('f6b76768-cbc0-4142-afbf-297beefeffb7','Portes et clapets coupe-feu','Art. CO','','Annuelle',true,NULL,'','','202ff6f9-412d-4ed6-98bc-800f8659fe98');
INSERT INTO public.registre_securite (id, installation, reference_reglementaire, organisme_verificateur, periodicite, applicable, date_verification, nom_verificateur, observations, etablissement_id) VALUES ('fa2531a3-3e60-4b98-8512-c76fc6a502b4','Systeme de securite incendie (SSI)','Art. MS','','Annuelle',true,NULL,'','','202ff6f9-412d-4ed6-98bc-800f8659fe98');

SET session_replication_role = DEFAULT;
-- FIN DE SAUVEGARDE 2026-06-09
-- =============================================================
-- RÉSUMÉ:
--   etablissements : 2
--   super_admins   : 6
--   managed_users  : 9
--   entreprise     : 2
--   espaces        : 4
--   zones          : 16
--   registre_securite : 40
-- =============================================================
-- MIGRATIONS ACTIVES (à appliquer avant ce fichier):
--   supabase/migrations/ (115+ fichiers jusqu'au 2026-06-09)
-- =============================================================
